"ID","Handle","Command","Title","Body HTML","Vendor","Type","Tags","Tags Command","Created At","Updated At","Status","Published","Published At","Published Scope","Template Suffix","Gift Card","URL","Total Inventory Qty","Row #","Top Row","Image Type","Image Src","Image Command","Image Position","Image Width","Image Height","Image Alt Text","Variant Inventory Item ID","Variant ID","Variant Command","Option1 Name","Option1 Value","Option2 Name","Option2 Value","Option3 Name","Option3 Value","Variant Position","Variant SKU","Variant Barcode","Variant Image","Variant Weight","Variant Weight Unit","Variant Price","Variant Compare At Price","Variant Taxable","Variant Tax Code","Variant Inventory Tracker","Variant Inventory Policy","Variant Fulfillment Service","Variant Requires Shipping","Variant Shipping Profile","Variant Inventory Qty","Variant Inventory Adjust"
"9093867790","clothing-velcro-conversion-kit-by-velcro-brands","MERGE","Clothing Velcro Button Conversion Kit","<p>Convert your loved ones button downs to velcro shirts with these easy to place conversion kit. Simply iron on where buttons typically are, and now make dressing easier then ever. For installation instructions, view the following video:</p>
<p><iframe width=""560"" height=""315"" src=""https://www.youtube.com/embed/LHxUOGjbwls"" frameborder=""0"" allowfullscreen=""""></iframe></p>","VELCRO Brand","Clothes","Alzheimer's Disease (AD), Dressing, Fronto-temporal Dementia (FTD), Fronto-temporal Lobe Dementia (FTD), Incontinence, Lewy Body Dementia (LBD), Other Dementia, Stage 3, Stage 4, Vascular Dementia (VD)","REPLACE","2016-11-21 11:14:02 -0800","2026-01-20 00:23:48 -0800","Active","false","","web","","false","https://www.dementiaaide.com/products/clothing-velcro-conversion-kit-by-velcro-brands","-25","1","true","IMAGE","https://cdn.shopify.com/s/files/1/1231/7650/products/71jENr2NPuL._SL1200.jpg?v=1743351872","MERGE","1","610","1200","","20778700430","31771495374","MERGE","Color","Tortoiseshell","","","","","1","","","","0.0","lb","10.99","","true","","","deny","manual","true","General profile","",""
"9093867790","clothing-velcro-conversion-kit-by-velcro-brands","MERGE","Clothing Velcro Button Conversion Kit","","VELCRO Brand","Clothes","Alzheimer's Disease (AD), Dressing, Fronto-temporal Dementia (FTD), Fronto-temporal Lobe Dementia (FTD), Incontinence, Lewy Body Dementia (LBD), Other Dementia, Stage 3, Stage 4, Vascular Dementia (VD)","REPLACE","2016-11-21 11:14:02 -0800","2026-01-20 00:23:48 -0800","Active","false","","web","","false","https://www.dementiaaide.com/products/clothing-velcro-conversion-kit-by-velcro-brands","-25","2","","","","","","","","","20778787790","31771590734","MERGE","Color","Pearl","","","","","2","","","","0.0","lb","10.99","","true","","","deny","manual","true","General profile","",""
"9093867790","clothing-velcro-conversion-kit-by-velcro-brands","MERGE","Clothing Velcro Button Conversion Kit","","VELCRO Brand","Clothes","Alzheimer's Disease (AD), Dressing, Fronto-temporal Dementia (FTD), Fronto-temporal Lobe Dementia (FTD), Incontinence, Lewy Body Dementia (LBD), Other Dementia, Stage 3, Stage 4, Vascular Dementia (VD)","REPLACE","2016-11-21 11:14:02 -0800","2026-01-20 00:23:48 -0800","Active","false","","web","","false","https://www.dementiaaide.com/products/clothing-velcro-conversion-kit-by-velcro-brands","-25","3","","","","","","","","","41458408194117","39364162256965","MERGE","Color","White","","","","","3","","","","0.0","lb","19.99","","true","","","deny","manual","true","General profile","",""
"1452326780997","anti-strip-back-zip-jumpsuit-adaptive-alzheimers-and-dementia-clothing","MERGE","Anti-Strip Back-zip Jumpsuit - Adaptive Alzheimer’s and Dementia Clothing","<p data-start=""80"" data-end=""173"">🎉 <strong>For a Limited Time, almost $30 OFF per jumpsuit</strong><strong data-start=""83"" data-end=""115"">!</strong> 🎉</p>
<p><strong>No codes needed—your discount applies automatically at checkout.</strong></p>
<p>Looking for comfortable and functional clothing designed for <strong>ease of use</strong> and practicality? Our <strong>adaptive back zip senior or special needs clothing</strong> is thoughtfully crafted to support caregivers and their loved ones, offering innovative features that simplify dressing and promote comfort.</p>
<p>This <strong>anti-strip onesie</strong> is designed with a discrete <strong>back zipper</strong> for easy dressing and secure wear, making it an ideal solution for <strong>maintaining dignity and independence</strong>. It provides a practical and stylish option for caregivers seeking user-friendly clothing.</p>
<p>Made with premium <strong>95% cotton</strong> and a touch of spandex for flexibility (no polyester), this adaptive wear ensures maximum comfort throughout the day. Features like elasticated openings for a gentle fit and label space for easy identification make it a practical choice for use at home or in care settings.</p>
<p>Available in unisex sizes (X-Small, Small, Medium, Large), this adaptive clothing is designed to fit comfortably and accommodate various needs. Its relaxed fit and high-quality fabric make it a versatile addition to any wardrobe.</p>
<p>Choose from two sleek colors: Navy Blue and Burgundy.</p>
<p>For more information on how the product works, check out our <a rel=""noopener"" title=""Anti-strip jumpsuit for dementia care"" href=""https://youtu.be/RLMUzeZDzlM"" target=""_blank"">youtube</a><a title=""Anti-strip jumpsuit for dementia care"" href=""https://youtu.be/RLMUzeZDzlM""> video</a>!</p>
<p><strong>Size Down! Sizes run large</strong><span><strong> </strong>for a comfortable, loose fit.</span></p>
<p><a href=""https://www.dementiaaide.com/pages/sizing-chart-anti-strip-jumpsuit"" title=""Anti Strip Jumpsuit Dementia Alzheimer's Sizing Chart"" rel=""noopener"" target=""_blank"">Sizing Chart</a></p>
<p><strong>Features include:</strong></p>
<ul>
<li>Discrete back zipper with loops extending to the front for easy dressing</li>
<li>Elasticated openings designed for a gentle fit, suitable for those with swelling or sensitive skin</li>
<li>Label space for easy identification in care settings</li>
<li>Soft, breathable fabric for all-day comfort</li>
<li>Made with 95% cotton and 5% spandex for flexibility and durability</li>
</ul>
<p><strong data-start=""159"" data-end=""177"">🧵 SIZE TIP 🧵</strong></p>
<p style=""padding-left: 40px;""><strong data-start=""180"" data-end=""206""></strong><strong data-start=""180"" data-end=""206"">This style runs large.</strong><br data-start=""206"" data-end=""209""><span>👉 For the best fit, we recommend </span><strong data-start=""243"" data-end=""259"">sizing down.</strong></p>
<p><strong data-start=""243"" data-end=""259""><a href=""https://www.dementiaaide.com/pages/sizing-chart-anti-strip-jumpsuit"" title=""Anti Strip Jumpsuit Dementia Alzheimer's Sizing Chart"" rel=""noopener"" target=""_blank"">Sizing Chart</a></strong><em><span style=""color: rgb(64, 64, 64);""><meta charset=""UTF-8""></span></em></p>
<p><strong><meta charset=""UTF-8""> <span>🚚💨</span>FREE Standard Shipping + Returns + Exchanges</strong></p>","Dementia Aide","Anti-Strip Jumpsuit","Alzheimer's Disease (AD), Bathing, Dressing, Fronto-temporal Dementia (FTD), Fronto-temporal Lobe Dementia (FTD), Hair-Care, Incontinence, Lewy Body Dementia (LBD), Memory Aid, Other Dementia, Shaving, Sleeping, Stage 1, Stage 2, Stage 3, Stage 4, Toileting, Unisex, Vascular Dementia (VD), Wandering","REPLACE","2018-08-22 17:08:15 -0700","2026-01-27 11:00:12 -0800","Active","true","2021-03-28 11:22:58 -0700","global","","false","https://www.dementiaaide.com/products/anti-strip-back-zip-jumpsuit-adaptive-alzheimers-and-dementia-clothing","129","4","true","IMAGE","https://cdn.shopify.com/s/files/1/1231/7650/files/Anti-Strip_Incontinence_Jumpsuit_for_Dementia_and_Alzheimer_s.png?v=1760934979","MERGE","1","2000","2000","Anti-Strip Incontinence Jumpsuit for Dementia and Alzheimer's","41854141497413","39758918025285","MERGE","Size","X-Small","Color","Navy Blue","","","1","JSXSNB","00860003399163","https://cdn.shopify.com/s/files/1/1231/7650/files/Anti-Strip_Incontinence_Jumpsuit_for_Dementia_and_Alzheimer_s.png?v=1760934979","1.7","lb","69.99","110.95","true","","shopify","deny","manual","true","General profile","26","0"
"1452326780997","anti-strip-back-zip-jumpsuit-adaptive-alzheimers-and-dementia-clothing","MERGE","Anti-Strip Back-zip Jumpsuit - Adaptive Alzheimer’s and Dementia Clothing","","Dementia Aide","Anti-Strip Jumpsuit","Alzheimer's Disease (AD), Bathing, Dressing, Fronto-temporal Dementia (FTD), Fronto-temporal Lobe Dementia (FTD), Hair-Care, Incontinence, Lewy Body Dementia (LBD), Memory Aid, Other Dementia, Shaving, Sleeping, Stage 1, Stage 2, Stage 3, Stage 4, Toileting, Unisex, Vascular Dementia (VD), Wandering","REPLACE","2018-08-22 17:08:15 -0700","2026-01-27 11:00:12 -0800","Active","true","2021-03-28 11:22:58 -0700","global","","false","https://www.dementiaaide.com/products/anti-strip-back-zip-jumpsuit-adaptive-alzheimers-and-dementia-clothing","129","5","","EXTERNAL_VIDEO","https://youtu.be/dNbLFiA8L7Y","MERGE","2","","","Anti Strip Onesie for Undressing Video","13188348805189","12990104043589","MERGE","Size","Small","Color","Navy Blue","","","2","JSSMNB","00860003399101","https://cdn.shopify.com/s/files/1/1231/7650/files/Anti-Strip_Incontinence_Jumpsuit_for_Dementia_and_Alzheimer_s.png?v=1760934979","1.7","lb","69.99","110.95","true","","shopify","deny","manual","true","General profile","75","0"
"1452326780997","anti-strip-back-zip-jumpsuit-adaptive-alzheimers-and-dementia-clothing","MERGE","Anti-Strip Back-zip Jumpsuit - Adaptive Alzheimer’s and Dementia Clothing","","Dementia Aide","Anti-Strip Jumpsuit","Alzheimer's Disease (AD), Bathing, Dressing, Fronto-temporal Dementia (FTD), Fronto-temporal Lobe Dementia (FTD), Hair-Care, Incontinence, Lewy Body Dementia (LBD), Memory Aid, Other Dementia, Shaving, Sleeping, Stage 1, Stage 2, Stage 3, Stage 4, Toileting, Unisex, Vascular Dementia (VD), Wandering","REPLACE","2018-08-22 17:08:15 -0700","2026-01-27 11:00:12 -0800","Active","true","2021-03-28 11:22:58 -0700","global","","false","https://www.dementiaaide.com/products/anti-strip-back-zip-jumpsuit-adaptive-alzheimers-and-dementia-clothing","129","6","","EXTERNAL_VIDEO","https://youtu.be/wkw20m2dXVc","MERGE","3","","","How to Put on an Anti-Strip Onesie or Adaptive clothing","13188409131077","12990161682501","MERGE","Size","Small","Color","Burgundy Red","","","3","JSSMBR","00860003399132","https://cdn.shopify.com/s/files/1/1231/7650/files/Anti-Strip_Incontinence_Jumpsuit_for_Dementia_and_Alzheimer_s.png?v=1760934979","1.7","lb","69.99","110.95","true","","shopify","deny","manual","true","General profile","0","0"
"1452326780997","anti-strip-back-zip-jumpsuit-adaptive-alzheimers-and-dementia-clothing","MERGE","Anti-Strip Back-zip Jumpsuit - Adaptive Alzheimer’s and Dementia Clothing","","Dementia Aide","Anti-Strip Jumpsuit","Alzheimer's Disease (AD), Bathing, Dressing, Fronto-temporal Dementia (FTD), Fronto-temporal Lobe Dementia (FTD), Hair-Care, Incontinence, Lewy Body Dementia (LBD), Memory Aid, Other Dementia, Shaving, Sleeping, Stage 1, Stage 2, Stage 3, Stage 4, Toileting, Unisex, Vascular Dementia (VD), Wandering","REPLACE","2018-08-22 17:08:15 -0700","2026-01-27 11:00:12 -0800","Active","true","2021-03-28 11:22:58 -0700","global","","false","https://www.dementiaaide.com/products/anti-strip-back-zip-jumpsuit-adaptive-alzheimers-and-dementia-clothing","129","7","","IMAGE","https://cdn.shopify.com/s/files/1/1231/7650/files/Anti-Strip_Long_Zipper.jpg?v=1760934979","MERGE","4","1600","1600","Anti Strip Adaptive Suit Long Zipper","13188409163845","12990161715269","MERGE","Size","Medium","Color","Navy Blue","","","4","JSMDNB","00860003399118","https://cdn.shopify.com/s/files/1/1231/7650/files/Anti-Strip_Incontinence_Jumpsuit_for_Dementia_and_Alzheimer_s.png?v=1760934979","1.7","lb","69.99","110.95","true","","shopify","deny","manual","true","General profile","0","0"
"1452326780997","anti-strip-back-zip-jumpsuit-adaptive-alzheimers-and-dementia-clothing","MERGE","Anti-Strip Back-zip Jumpsuit - Adaptive Alzheimer’s and Dementia Clothing","","Dementia Aide","Anti-Strip Jumpsuit","Alzheimer's Disease (AD), Bathing, Dressing, Fronto-temporal Dementia (FTD), Fronto-temporal Lobe Dementia (FTD), Hair-Care, Incontinence, Lewy Body Dementia (LBD), Memory Aid, Other Dementia, Shaving, Sleeping, Stage 1, Stage 2, Stage 3, Stage 4, Toileting, Unisex, Vascular Dementia (VD), Wandering","REPLACE","2018-08-22 17:08:15 -0700","2026-01-27 11:00:12 -0800","Active","true","2021-03-28 11:22:58 -0700","global","","false","https://www.dementiaaide.com/products/anti-strip-back-zip-jumpsuit-adaptive-alzheimers-and-dementia-clothing","129","8","","IMAGE","https://cdn.shopify.com/s/files/1/1231/7650/files/Adaptive_Suit_Competitors.png?v=1760934979","MERGE","5","2000","2000","Competitor Grid for Anti-Strip Suit","13188409196613","12990161748037","MERGE","Size","Medium","Color","Burgundy Red","","","5","JSMDBR","00860003399149","https://cdn.shopify.com/s/files/1/1231/7650/files/Anti-Strip_Incontinence_Jumpsuit_for_Dementia_and_Alzheimer_s.png?v=1760934979","1.7","lb","69.99","110.95","true","","shopify","deny","manual","true","General profile","0","0"
"1452326780997","anti-strip-back-zip-jumpsuit-adaptive-alzheimers-and-dementia-clothing","MERGE","Anti-Strip Back-zip Jumpsuit - Adaptive Alzheimer’s and Dementia Clothing","","Dementia Aide","Anti-Strip Jumpsuit","Alzheimer's Disease (AD), Bathing, Dressing, Fronto-temporal Dementia (FTD), Fronto-temporal Lobe Dementia (FTD), Hair-Care, Incontinence, Lewy Body Dementia (LBD), Memory Aid, Other Dementia, Shaving, Sleeping, Stage 1, Stage 2, Stage 3, Stage 4, Toileting, Unisex, Vascular Dementia (VD), Wandering","REPLACE","2018-08-22 17:08:15 -0700","2026-01-27 11:00:12 -0800","Active","true","2021-03-28 11:22:58 -0700","global","","false","https://www.dementiaaide.com/products/anti-strip-back-zip-jumpsuit-adaptive-alzheimers-and-dementia-clothing","129","9","","IMAGE","https://cdn.shopify.com/s/files/1/1231/7650/files/Dementia_Clothing_Size_Chart.png?v=1760934979","MERGE","6","2000","2000","Dementia Clothing Size Chart","13188409229381","12990161780805","MERGE","Size","Large","Color","Navy Blue","","","6","JSLGNB","00860003399125","https://cdn.shopify.com/s/files/1/1231/7650/files/Anti-Strip_Incontinence_Jumpsuit_for_Dementia_and_Alzheimer_s.png?v=1760934979","1.7","lb","69.99","110.95","true","","shopify","continue","manual","true","General profile","28","0"
"1452326780997","anti-strip-back-zip-jumpsuit-adaptive-alzheimers-and-dementia-clothing","MERGE","Anti-Strip Back-zip Jumpsuit - Adaptive Alzheimer’s and Dementia Clothing","","Dementia Aide","Anti-Strip Jumpsuit","Alzheimer's Disease (AD), Bathing, Dressing, Fronto-temporal Dementia (FTD), Fronto-temporal Lobe Dementia (FTD), Hair-Care, Incontinence, Lewy Body Dementia (LBD), Memory Aid, Other Dementia, Shaving, Sleeping, Stage 1, Stage 2, Stage 3, Stage 4, Toileting, Unisex, Vascular Dementia (VD), Wandering","REPLACE","2018-08-22 17:08:15 -0700","2026-01-27 11:00:12 -0800","Active","true","2021-03-28 11:22:58 -0700","global","","false","https://www.dementiaaide.com/products/anti-strip-back-zip-jumpsuit-adaptive-alzheimers-and-dementia-clothing","129","10","","IMAGE","https://cdn.shopify.com/s/files/1/1231/7650/files/Identification_for_Anti-Strip_Jumpsuit.jpg?v=1760934979","MERGE","7","2000","2000","Identification for Anti-Strip Jumpsuit","13188409294917","12990161813573","MERGE","Size","Large","Color","Burgundy Red","","","7","JSLGBR","00860003399156","https://cdn.shopify.com/s/files/1/1231/7650/files/Anti-Strip_Incontinence_Jumpsuit_for_Dementia_and_Alzheimer_s.png?v=1760934979","1.7","lb","69.99","110.95","true","","shopify","deny","manual","true","General profile","0","0"
"1452326780997","anti-strip-back-zip-jumpsuit-adaptive-alzheimers-and-dementia-clothing","MERGE","Anti-Strip Back-zip Jumpsuit - Adaptive Alzheimer’s and Dementia Clothing","","Dementia Aide","Anti-Strip Jumpsuit","Alzheimer's Disease (AD), Bathing, Dressing, Fronto-temporal Dementia (FTD), Fronto-temporal Lobe Dementia (FTD), Hair-Care, Incontinence, Lewy Body Dementia (LBD), Memory Aid, Other Dementia, Shaving, Sleeping, Stage 1, Stage 2, Stage 3, Stage 4, Toileting, Unisex, Vascular Dementia (VD), Wandering","REPLACE","2018-08-22 17:08:15 -0700","2026-01-27 11:00:12 -0800","Active","true","2021-03-28 11:22:58 -0700","global","","false","https://www.dementiaaide.com/products/anti-strip-back-zip-jumpsuit-adaptive-alzheimers-and-dementia-clothing","129","11","","IMAGE","https://cdn.shopify.com/s/files/1/1231/7650/files/Anti-Strip_Jumpsuit_Back.jpg?v=1760934979","MERGE","8","1600","1600","Anti Strip Jumpsuit Back","","","","","","","","","","","","","","","","","","","","","","","","","",""
"1452326780997","anti-strip-back-zip-jumpsuit-adaptive-alzheimers-and-dementia-clothing","MERGE","Anti-Strip Back-zip Jumpsuit - Adaptive Alzheimer’s and Dementia Clothing","","Dementia Aide","Anti-Strip Jumpsuit","Alzheimer's Disease (AD), Bathing, Dressing, Fronto-temporal Dementia (FTD), Fronto-temporal Lobe Dementia (FTD), Hair-Care, Incontinence, Lewy Body Dementia (LBD), Memory Aid, Other Dementia, Shaving, Sleeping, Stage 1, Stage 2, Stage 3, Stage 4, Toileting, Unisex, Vascular Dementia (VD), Wandering","REPLACE","2018-08-22 17:08:15 -0700","2026-01-27 11:00:12 -0800","Active","true","2021-03-28 11:22:58 -0700","global","","false","https://www.dementiaaide.com/products/anti-strip-back-zip-jumpsuit-adaptive-alzheimers-and-dementia-clothing","129","12","","IMAGE","https://cdn.shopify.com/s/files/1/1231/7650/files/High_Quality_Anti-Strip_Jumpsuit.png?v=1760934979","MERGE","9","2000","2000","High Quality Anti-Strip Jumpsuit","","","","","","","","","","","","","","","","","","","","","","","","","",""
"1452326780997","anti-strip-back-zip-jumpsuit-adaptive-alzheimers-and-dementia-clothing","MERGE","Anti-Strip Back-zip Jumpsuit - Adaptive Alzheimer’s and Dementia Clothing","","Dementia Aide","Anti-Strip Jumpsuit","Alzheimer's Disease (AD), Bathing, Dressing, Fronto-temporal Dementia (FTD), Fronto-temporal Lobe Dementia (FTD), Hair-Care, Incontinence, Lewy Body Dementia (LBD), Memory Aid, Other Dementia, Shaving, Sleeping, Stage 1, Stage 2, Stage 3, Stage 4, Toileting, Unisex, Vascular Dementia (VD), Wandering","REPLACE","2018-08-22 17:08:15 -0700","2026-01-27 11:00:12 -0800","Active","true","2021-03-28 11:22:58 -0700","global","","false","https://www.dementiaaide.com/products/anti-strip-back-zip-jumpsuit-adaptive-alzheimers-and-dementia-clothing","129","13","","IMAGE","https://cdn.shopify.com/s/files/1/1231/7650/products/Anti-Strip_Jumpsuits_-_Multiple_Colors.jpg?v=1760934979","MERGE","10","4240","2832","Anti-Strip Jumpsuits - Multiple Colors","","","","","","","","","","","","","","","","","","","","","","","","","",""
"4574619992133","exchange-medium-navy-blue","MERGE","Free Exchange - Anti-Strip Jumpsuit","<p>This antistrip jumpsuit offers a free exchange guarantee for your loved one's comfort and security. Made with high-quality material, it prevents unwanted disrobing while providing ultimate comfort. Give your loved one the peace of mind they deserve with this reliable and durable onesie.</p>","Dementia Aide","","","REPLACE","2020-09-25 11:23:01 -0700","2025-12-12 16:00:05 -0800","Active","false","","web","","false","https://www.dementiaaide.com/products/exchange-medium-navy-blue","1987","14","true","IMAGE","https://cdn.shopify.com/s/files/1/1231/7650/products/IMG_7634.jpg?v=1743351779","MERGE","1","3648","5472","","33415579664453","31868953264197","MERGE","Size","Small","Color","Burgundy Red","","","1","","","","2.0","lb","0.00","","false","","shopify","deny","manual","true","General profile","0","0"
"4574619992133","exchange-medium-navy-blue","MERGE","Free Exchange - Anti-Strip Jumpsuit","","Dementia Aide","","","REPLACE","2020-09-25 11:23:01 -0700","2025-12-12 16:00:05 -0800","Active","false","","web","","false","https://www.dementiaaide.com/products/exchange-medium-navy-blue","1987","15","","IMAGE","https://cdn.shopify.com/s/files/1/1231/7650/files/Dementia_Aide-62.jpg?v=1743351785","MERGE","2","2780","4162","","33415579697221","31868953296965","MERGE","Size","Small","Color","Navy Blue","","","2","","","","2.0","lb","0.00","","false","","shopify","deny","manual","true","General profile","997","0"
"4574619992133","exchange-medium-navy-blue","MERGE","Free Exchange - Anti-Strip Jumpsuit","","Dementia Aide","","","REPLACE","2020-09-25 11:23:01 -0700","2025-12-12 16:00:05 -0800","Active","false","","web","","false","https://www.dementiaaide.com/products/exchange-medium-navy-blue","1987","16","","IMAGE","https://cdn.shopify.com/s/files/1/1231/7650/files/IMG_7739_439d3b99-cace-4e91-92e4-0edc988b424d.jpg?v=1743351794","MERGE","3","5472","3648","Daughter & Mother","33415579729989","31868953329733","MERGE","Size","Medium","Color","Burgundy Red","","","3","","","","2.0","lb","0.00","","false","","shopify","deny","manual","true","General profile","-2","0"
"4574619992133","exchange-medium-navy-blue","MERGE","Free Exchange - Anti-Strip Jumpsuit","","Dementia Aide","","","REPLACE","2020-09-25 11:23:01 -0700","2025-12-12 16:00:05 -0800","Active","false","","web","","false","https://www.dementiaaide.com/products/exchange-medium-navy-blue","1987","17","","IMAGE","https://cdn.shopify.com/s/files/1/1231/7650/files/IMG_7905.jpg?v=1743351809","MERGE","4","5472","3648","Grandchild with Grandmother","33415579762757","31868953362501","MERGE","Size","Medium","Color","Navy Blue","","","4","","","","2.0","lb","0.00","","false","","shopify","deny","manual","true","General profile","994","0"
"4574619992133","exchange-medium-navy-blue","MERGE","Free Exchange - Anti-Strip Jumpsuit","","Dementia Aide","","","REPLACE","2020-09-25 11:23:01 -0700","2025-12-12 16:00:05 -0800","Active","false","","web","","false","https://www.dementiaaide.com/products/exchange-medium-navy-blue","1987","18","","IMAGE","https://cdn.shopify.com/s/files/1/1231/7650/products/IMG_7649.jpg?v=1743351819","MERGE","5","3648","5472","","33415579795525","31868953395269","MERGE","Size","Large","Color","Burgundy Red","","","5","","","","2.0","lb","0.00","","false","","shopify","deny","manual","true","General profile","-1","0"
"4574619992133","exchange-medium-navy-blue","MERGE","Free Exchange - Anti-Strip Jumpsuit","","Dementia Aide","","","REPLACE","2020-09-25 11:23:01 -0700","2025-12-12 16:00:05 -0800","Active","false","","web","","false","https://www.dementiaaide.com/products/exchange-medium-navy-blue","1987","19","","","","","","","","","33415579828293","31868953428037","MERGE","Size","Large","Color","Navy Blue","","","6","","","","2.0","lb","0.00","","false","","shopify","deny","manual","true","General profile","-1","0"
"4597348761669","free-return-bear-hug-onesie","MERGE","Free Return - Anti-Strip Jumpsuit","<p>Safeguard your loved one with our Anti-Strip Jumpsuit, designed to prevent disrobing and offer peace of mind. With the added benefit of free returns, you can trust in the quality and effectiveness of our product. Protect your loved one and experience hassle-free shopping today.</p>","Dementia Aide","","","REPLACE","2020-10-26 08:38:17 -0700","2025-09-24 17:22:17 -0700","Active","false","","web","","false","https://www.dementiaaide.com/products/free-return-bear-hug-onesie","-24","20","true","IMAGE","https://cdn.shopify.com/s/files/1/1231/7650/files/Dementia_Aide-62_f6c2c199-7dea-4512-946a-994b9bd4a1ba.jpg?v=1743351756","MERGE","1","2780","4162","","33468207497285","31921577984069","MERGE","Size","Small","Color","Burgundy Red","","","1","","","","2.0","lb","0.00","","false","","shopify","deny","manual","true","General profile","0","0"
"4597348761669","free-return-bear-hug-onesie","MERGE","Free Return - Anti-Strip Jumpsuit","","Dementia Aide","","","REPLACE","2020-10-26 08:38:17 -0700","2025-09-24 17:22:17 -0700","Active","false","","web","","false","https://www.dementiaaide.com/products/free-return-bear-hug-onesie","-24","21","","IMAGE","https://cdn.shopify.com/s/files/1/1231/7650/files/IMG_7739_439d3b99-cace-4e91-92e4-0edc988b424d.jpg?v=1743351794","MERGE","2","5472","3648","Daughter & Mother","33468207530053","31921578016837","MERGE","Size","Small","Color","Navy Blue","","","2","","","","2.0","lb","0.00","","false","","shopify","deny","manual","true","General profile","-1","0"
"4597348761669","free-return-bear-hug-onesie","MERGE","Free Return - Anti-Strip Jumpsuit","","Dementia Aide","","","REPLACE","2020-10-26 08:38:17 -0700","2025-09-24 17:22:17 -0700","Active","false","","web","","false","https://www.dementiaaide.com/products/free-return-bear-hug-onesie","-24","22","","IMAGE","https://cdn.shopify.com/s/files/1/1231/7650/files/Front_Zipper_of_Anti-Strip_Jumpsuit.jpg?v=1743351770","MERGE","3","2000","2000","Front Zipper of Anti-Strip Jumpsuit","33468207562821","31921578049605","MERGE","Size","Medium","Color","Burgundy Red","","","3","","","","2.0","lb","0.00","","false","","shopify","deny","manual","true","General profile","-1","0"
"4597348761669","free-return-bear-hug-onesie","MERGE","Free Return - Anti-Strip Jumpsuit","","Dementia Aide","","","REPLACE","2020-10-26 08:38:17 -0700","2025-09-24 17:22:17 -0700","Active","false","","web","","false","https://www.dementiaaide.com/products/free-return-bear-hug-onesie","-24","23","","IMAGE","https://cdn.shopify.com/s/files/1/1231/7650/products/IMG_7634.jpg?v=1743351779","MERGE","4","3648","5472","","33468207595589","31921578082373","MERGE","Size","Medium","Color","Navy Blue","","","4","","","","2.0","lb","0.00","","false","","shopify","deny","manual","true","General profile","-1","0"
"4597348761669","free-return-bear-hug-onesie","MERGE","Free Return - Anti-Strip Jumpsuit","","Dementia Aide","","","REPLACE","2020-10-26 08:38:17 -0700","2025-09-24 17:22:17 -0700","Active","false","","web","","false","https://www.dementiaaide.com/products/free-return-bear-hug-onesie","-24","24","","","","","","","","","33468207628357","31921578115141","MERGE","Size","Large","Color","Burgundy Red","","","5","","","","2.0","lb","0.00","","false","","shopify","deny","manual","true","General profile","0","0"
"4597348761669","free-return-bear-hug-onesie","MERGE","Free Return - Anti-Strip Jumpsuit","","Dementia Aide","","","REPLACE","2020-10-26 08:38:17 -0700","2025-09-24 17:22:17 -0700","Active","false","","web","","false","https://www.dementiaaide.com/products/free-return-bear-hug-onesie","-24","25","","","","","","","","","33468207661125","31921578147909","MERGE","Size","Large","Color","Navy Blue","","","6","","","","2.0","lb","0.00","","false","","shopify","deny","manual","true","General profile","-20","0"
"4597348761669","free-return-bear-hug-onesie","MERGE","Free Return - Anti-Strip Jumpsuit","","Dementia Aide","","","REPLACE","2020-10-26 08:38:17 -0700","2025-09-24 17:22:17 -0700","Active","false","","web","","false","https://www.dementiaaide.com/products/free-return-bear-hug-onesie","-24","26","","","","","","","","","33479685374021","31933039509573","MERGE","Size","Other","Color","Other","","","7","","","","2.0","lb","0.00","","false","","shopify","deny","manual","true","General profile","-1","0"
"4618464395333","free-replacement-bear-hug-onesie","MERGE","Free Replacement - Anti-Strip Jumpsuit","<p>Get peace of mind with our Free Replacement - Anti-Strip Jumpsuit. Enjoy a free replacement if any issues arise. Trust in our expertise and commitment to quality.</p>","Dementia Aide","","","REPLACE","2020-11-20 10:14:32 -0800","2025-12-08 15:41:11 -0800","Active","false","","web","","false","https://www.dementiaaide.com/products/free-replacement-bear-hug-onesie","-2","27","true","IMAGE","https://cdn.shopify.com/s/files/1/1231/7650/files/Dementia_Aide-62.jpg?v=1743351785","MERGE","1","2780","4162","","33513456992325","31966826987589","MERGE","Size","Small","Color","Burgundy Red","","","1","","","","2.0","lb","0.00","","false","","shopify","deny","manual","true","General profile","-1","0"
"4618464395333","free-replacement-bear-hug-onesie","MERGE","Free Replacement - Anti-Strip Jumpsuit","","Dementia Aide","","","REPLACE","2020-11-20 10:14:32 -0800","2025-12-08 15:41:11 -0800","Active","false","","web","","false","https://www.dementiaaide.com/products/free-replacement-bear-hug-onesie","-2","28","","IMAGE","https://cdn.shopify.com/s/files/1/1231/7650/products/IMG_7634.jpg?v=1743351779","MERGE","2","3648","5472","","33513457057861","31966827020357","MERGE","Size","Small","Color","Navy Blue","","","2","","","","2.0","lb","0.00","","false","","shopify","deny","manual","true","General profile","0","0"
"4618464395333","free-replacement-bear-hug-onesie","MERGE","Free Replacement - Anti-Strip Jumpsuit","","Dementia Aide","","","REPLACE","2020-11-20 10:14:32 -0800","2025-12-08 15:41:11 -0800","Active","false","","web","","false","https://www.dementiaaide.com/products/free-replacement-bear-hug-onesie","-2","29","","IMAGE","https://cdn.shopify.com/s/files/1/1231/7650/products/IMG_7649.jpg?v=1743351819","MERGE","3","3648","5472","","33513457090629","31966827053125","MERGE","Size","Medium","Color","Burgundy Red","","","3","","","","2.0","lb","0.00","","false","","shopify","deny","manual","true","General profile","0","0"
"4618464395333","free-replacement-bear-hug-onesie","MERGE","Free Replacement - Anti-Strip Jumpsuit","","Dementia Aide","","","REPLACE","2020-11-20 10:14:32 -0800","2025-12-08 15:41:11 -0800","Active","false","","web","","false","https://www.dementiaaide.com/products/free-replacement-bear-hug-onesie","-2","30","","IMAGE","https://cdn.shopify.com/s/files/1/1231/7650/products/IMG_7661.jpg?v=1743351743","MERGE","4","5472","3648","","33513457123397","31966827085893","MERGE","Size","Medium","Color","Navy Blue","","","4","","","","2.0","lb","0.00","","false","","shopify","deny","manual","true","General profile","0","0"
"4618464395333","free-replacement-bear-hug-onesie","MERGE","Free Replacement - Anti-Strip Jumpsuit","","Dementia Aide","","","REPLACE","2020-11-20 10:14:32 -0800","2025-12-08 15:41:11 -0800","Active","false","","web","","false","https://www.dementiaaide.com/products/free-replacement-bear-hug-onesie","-2","31","","IMAGE","https://cdn.shopify.com/s/files/1/1231/7650/products/IMG_7727.jpg?v=1743351753","MERGE","5","5472","3648","","33513457156165","31966827118661","MERGE","Size","Large","Color","Burgundy Red","","","5","","","","2.0","lb","0.00","","false","","shopify","deny","manual","true","General profile","0","0"
"4618464395333","free-replacement-bear-hug-onesie","MERGE","Free Replacement - Anti-Strip Jumpsuit","","Dementia Aide","","","REPLACE","2020-11-20 10:14:32 -0800","2025-12-08 15:41:11 -0800","Active","false","","web","","false","https://www.dementiaaide.com/products/free-replacement-bear-hug-onesie","-2","32","","","","","","","","","33513457188933","31966827151429","MERGE","Size","Large","Color","Navy Blue","","","6","","","","2.0","lb","0.00","","false","","shopify","deny","manual","true","General profile","-1","0"
"4618464395333","free-replacement-bear-hug-onesie","MERGE","Free Replacement - Anti-Strip Jumpsuit","","Dementia Aide","","","REPLACE","2020-11-20 10:14:32 -0800","2025-12-08 15:41:11 -0800","Active","false","","web","","false","https://www.dementiaaide.com/products/free-replacement-bear-hug-onesie","-2","33","","","","","","","","","51157022572819","49145798000915","MERGE","Size","X-Small","Color","Burgundy Red","","","7","","","","2.0","lb","0.00","","false","","shopify","deny","manual","true","General profile","0","0"
"4618464395333","free-replacement-bear-hug-onesie","MERGE","Free Replacement - Anti-Strip Jumpsuit","","Dementia Aide","","","REPLACE","2020-11-20 10:14:32 -0800","2025-12-08 15:41:11 -0800","Active","false","","web","","false","https://www.dementiaaide.com/products/free-replacement-bear-hug-onesie","-2","34","","","","","","","","","51157022605587","49145798033683","MERGE","Size","X-Small","Color","Navy Blue","","","8","","","","2.0","lb","0.00","","false","","shopify","deny","manual","true","General profile","0","0"
"4658822021189","miscellaneous-shipment","MERGE","Miscellaneous Shipment","<p>This shipment contains a variety of miscellaneous items.</p>","Dementia Aide","","","REPLACE","2021-01-18 20:20:10 -0800","2026-01-26 05:47:22 -0800","Active","false","","web","","false","https://www.dementiaaide.com/products/miscellaneous-shipment","-27","35","true","IMAGE","https://cdn.shopify.com/s/files/1/1231/7650/files/Dementia_Aide-62_f6c2c199-7dea-4512-946a-994b9bd4a1ba.jpg?v=1743351756","MERGE","1","2780","4162","","33587221332037","32040591327301","MERGE","Title","Default Title","","","","","1","","","","0.2","lb","0.00","","true","","shopify","deny","manual","true","General profile","-27","0"
"4658822021189","miscellaneous-shipment","MERGE","Miscellaneous Shipment","","Dementia Aide","","","REPLACE","2021-01-18 20:20:10 -0800","2026-01-26 05:47:22 -0800","Active","false","","web","","false","https://www.dementiaaide.com/products/miscellaneous-shipment","-27","36","","IMAGE","https://cdn.shopify.com/s/files/1/1231/7650/products/IMG_7649.jpg?v=1743351819","MERGE","2","3648","5472","","","","","","","","","","","","","","","","","","","","","","","","","","",""
"4658822021189","miscellaneous-shipment","MERGE","Miscellaneous Shipment","","Dementia Aide","","","REPLACE","2021-01-18 20:20:10 -0800","2026-01-26 05:47:22 -0800","Active","false","","web","","false","https://www.dementiaaide.com/products/miscellaneous-shipment","-27","37","","IMAGE","https://cdn.shopify.com/s/files/1/1231/7650/products/IMG_7634.jpg?v=1743351779","MERGE","3","3648","5472","","","","","","","","","","","","","","","","","","","","","","","","","","",""
"4658822021189","miscellaneous-shipment","MERGE","Miscellaneous Shipment","","Dementia Aide","","","REPLACE","2021-01-18 20:20:10 -0800","2026-01-26 05:47:22 -0800","Active","false","","web","","false","https://www.dementiaaide.com/products/miscellaneous-shipment","-27","38","","IMAGE","https://cdn.shopify.com/s/files/1/1231/7650/files/IMG_7739_439d3b99-cace-4e91-92e4-0edc988b424d.jpg?v=1743351794","MERGE","4","5472","3648","Daughter & Mother","","","","","","","","","","","","","","","","","","","","","","","","","",""
"4658822021189","miscellaneous-shipment","MERGE","Miscellaneous Shipment","","Dementia Aide","","","REPLACE","2021-01-18 20:20:10 -0800","2026-01-26 05:47:22 -0800","Active","false","","web","","false","https://www.dementiaaide.com/products/miscellaneous-shipment","-27","39","","IMAGE","https://cdn.shopify.com/s/files/1/1231/7650/files/Copy_of_Dementia_Aide-79.jpg?v=1743351711","MERGE","5","4030","2692","","","","","","","","","","","","","","","","","","","","","","","","","","",""
"9851338621203","donation-anti-strip-jumpsuit","MERGE","Donation - Anti-Strip Jumpsuit","<p>Donated, pre-owned jumpsuit. Help reduce clothing waste while paying for shipping only. </p>","Dementia Aide","","","REPLACE","2025-02-19 08:50:34 -0800","2025-07-26 01:27:46 -0700","Active","false","","web","","false","https://www.dementiaaide.com/products/donation-anti-strip-jumpsuit","36","40","true","IMAGE","https://cdn.shopify.com/s/files/1/1231/7650/files/Dementia_Aide-62.jpg?v=1743351785","MERGE","1","2780","4162","","52512840155411","50526448484627","MERGE","Size","Small","Color","Burgundy Red","","","1","","","","2.0","lb","0.00","","false","","shopify","deny","manual","true","General profile","0","0"
"9851338621203","donation-anti-strip-jumpsuit","MERGE","Donation - Anti-Strip Jumpsuit","","Dementia Aide","","","REPLACE","2025-02-19 08:50:34 -0800","2025-07-26 01:27:46 -0700","Active","false","","web","","false","https://www.dementiaaide.com/products/donation-anti-strip-jumpsuit","36","41","","IMAGE","https://cdn.shopify.com/s/files/1/1231/7650/products/IMG_7634.jpg?v=1743351779","MERGE","2","3648","5472","","52512840188179","50526448517395","MERGE","Size","Small","Color","Navy Blue","","","2","","","","2.0","lb","0.00","","false","","shopify","deny","manual","true","General profile","10","0"
"9851338621203","donation-anti-strip-jumpsuit","MERGE","Donation - Anti-Strip Jumpsuit","","Dementia Aide","","","REPLACE","2025-02-19 08:50:34 -0800","2025-07-26 01:27:46 -0700","Active","false","","web","","false","https://www.dementiaaide.com/products/donation-anti-strip-jumpsuit","36","42","","IMAGE","https://cdn.shopify.com/s/files/1/1231/7650/products/IMG_7649.jpg?v=1743351819","MERGE","3","3648","5472","","52512840220947","50526448550163","MERGE","Size","Medium","Color","Burgundy Red","","","3","","","","2.0","lb","0.00","","false","","shopify","deny","manual","true","General profile","0","0"
"9851338621203","donation-anti-strip-jumpsuit","MERGE","Donation - Anti-Strip Jumpsuit","","Dementia Aide","","","REPLACE","2025-02-19 08:50:34 -0800","2025-07-26 01:27:46 -0700","Active","false","","web","","false","https://www.dementiaaide.com/products/donation-anti-strip-jumpsuit","36","43","","IMAGE","https://cdn.shopify.com/s/files/1/1231/7650/products/IMG_7661.jpg?v=1743351743","MERGE","4","5472","3648","","52512840253715","50526448582931","MERGE","Size","Medium","Color","Navy Blue","","","4","","","","2.0","lb","0.00","","false","","shopify","deny","manual","true","General profile","8","0"
"9851338621203","donation-anti-strip-jumpsuit","MERGE","Donation - Anti-Strip Jumpsuit","","Dementia Aide","","","REPLACE","2025-02-19 08:50:34 -0800","2025-07-26 01:27:46 -0700","Active","false","","web","","false","https://www.dementiaaide.com/products/donation-anti-strip-jumpsuit","36","44","","IMAGE","https://cdn.shopify.com/s/files/1/1231/7650/products/IMG_7727.jpg?v=1743351753","MERGE","5","5472","3648","","52512840286483","50526448615699","MERGE","Size","Large","Color","Burgundy Red","","","5","","","","2.0","lb","0.00","","false","","shopify","deny","manual","true","General profile","0","0"
"9851338621203","donation-anti-strip-jumpsuit","MERGE","Donation - Anti-Strip Jumpsuit","","Dementia Aide","","","REPLACE","2025-02-19 08:50:34 -0800","2025-07-26 01:27:46 -0700","Active","false","","web","","false","https://www.dementiaaide.com/products/donation-anti-strip-jumpsuit","36","45","","","","","","","","","52512840319251","50526448648467","MERGE","Size","Large","Color","Navy Blue","","","6","","","","2.0","lb","0.00","","false","","shopify","deny","manual","true","General profile","8","0"
"9851338621203","donation-anti-strip-jumpsuit","MERGE","Donation - Anti-Strip Jumpsuit","","Dementia Aide","","","REPLACE","2025-02-19 08:50:34 -0800","2025-07-26 01:27:46 -0700","Active","false","","web","","false","https://www.dementiaaide.com/products/donation-anti-strip-jumpsuit","36","46","","","","","","","","","52512840352019","50526448681235","MERGE","Size","X-Small","Color","Burgundy Red","","","7","","","","2.0","lb","0.00","","false","","shopify","deny","manual","true","General profile","0","0"
"9851338621203","donation-anti-strip-jumpsuit","MERGE","Donation - Anti-Strip Jumpsuit","","Dementia Aide","","","REPLACE","2025-02-19 08:50:34 -0800","2025-07-26 01:27:46 -0700","Active","false","","web","","false","https://www.dementiaaide.com/products/donation-anti-strip-jumpsuit","36","47","","","","","","","","","52512840384787","50526448714003","MERGE","Size","X-Small","Color","Navy Blue","","","8","","","","2.0","lb","0.00","","false","","shopify","deny","manual","true","General profile","10","0"
"10109619241235","jumpsuit-2-for-lower-price","MERGE","Jumpsuit - 2 for Lower Price","","Dementia Aide","","","REPLACE","2025-08-28 08:17:03 -0700","2026-01-27 11:00:16 -0800","Draft","false","","web","","false","https://www.dementiaaide.com/products/jumpsuit-2-for-lower-price","129","48","true","","","","","","","","54194207162643","52260931371283","MERGE","Anti-Strip Back-zip Jumpsuit - Adaptive Alzheimer’s and Dementia Clothing (Size)","X-Small","Anti-Strip Back-zip Jumpsuit - Adaptive Alzheimer’s and Dementia Clothing (Color)","Navy Blue","","","1","","","","0.0","lb","99.95","","true","","shopify","deny","manual","true","General profile","26","0"
"10109619241235","jumpsuit-2-for-lower-price","MERGE","Jumpsuit - 2 for Lower Price","","Dementia Aide","","","REPLACE","2025-08-28 08:17:03 -0700","2026-01-27 11:00:16 -0800","Draft","false","","web","","false","https://www.dementiaaide.com/products/jumpsuit-2-for-lower-price","129","49","","","","","","","","","54194207195411","52260931404051","MERGE","Anti-Strip Back-zip Jumpsuit - Adaptive Alzheimer’s and Dementia Clothing (Size)","X-Small","Anti-Strip Back-zip Jumpsuit - Adaptive Alzheimer’s and Dementia Clothing (Color)","Burgundy Red","","","2","","","","0.0","lb","99.95","","true","","","deny","manual","true","General profile","",""
"10109619241235","jumpsuit-2-for-lower-price","MERGE","Jumpsuit - 2 for Lower Price","","Dementia Aide","","","REPLACE","2025-08-28 08:17:03 -0700","2026-01-27 11:00:16 -0800","Draft","false","","web","","false","https://www.dementiaaide.com/products/jumpsuit-2-for-lower-price","129","50","","","","","","","","","54194207228179","52260931436819","MERGE","Anti-Strip Back-zip Jumpsuit - Adaptive Alzheimer’s and Dementia Clothing (Size)","Small","Anti-Strip Back-zip Jumpsuit - Adaptive Alzheimer’s and Dementia Clothing (Color)","Navy Blue","","","3","","","","0.0","lb","99.95","","true","","shopify","deny","manual","true","General profile","75","0"
"10109619241235","jumpsuit-2-for-lower-price","MERGE","Jumpsuit - 2 for Lower Price","","Dementia Aide","","","REPLACE","2025-08-28 08:17:03 -0700","2026-01-27 11:00:16 -0800","Draft","false","","web","","false","https://www.dementiaaide.com/products/jumpsuit-2-for-lower-price","129","51","","","","","","","","","54194207260947","52260931469587","MERGE","Anti-Strip Back-zip Jumpsuit - Adaptive Alzheimer’s and Dementia Clothing (Size)","Small","Anti-Strip Back-zip Jumpsuit - Adaptive Alzheimer’s and Dementia Clothing (Color)","Burgundy Red","","","4","","","","0.0","lb","99.95","","true","","shopify","deny","manual","true","General profile","0","0"
"10109619241235","jumpsuit-2-for-lower-price","MERGE","Jumpsuit - 2 for Lower Price","","Dementia Aide","","","REPLACE","2025-08-28 08:17:03 -0700","2026-01-27 11:00:16 -0800","Draft","false","","web","","false","https://www.dementiaaide.com/products/jumpsuit-2-for-lower-price","129","52","","","","","","","","","54194207293715","52260931502355","MERGE","Anti-Strip Back-zip Jumpsuit - Adaptive Alzheimer’s and Dementia Clothing (Size)","Medium","Anti-Strip Back-zip Jumpsuit - Adaptive Alzheimer’s and Dementia Clothing (Color)","Navy Blue","","","5","","","","0.0","lb","99.95","","true","","shopify","deny","manual","true","General profile","0","0"
"10109619241235","jumpsuit-2-for-lower-price","MERGE","Jumpsuit - 2 for Lower Price","","Dementia Aide","","","REPLACE","2025-08-28 08:17:03 -0700","2026-01-27 11:00:16 -0800","Draft","false","","web","","false","https://www.dementiaaide.com/products/jumpsuit-2-for-lower-price","129","53","","","","","","","","","54194207326483","52260931535123","MERGE","Anti-Strip Back-zip Jumpsuit - Adaptive Alzheimer’s and Dementia Clothing (Size)","Medium","Anti-Strip Back-zip Jumpsuit - Adaptive Alzheimer’s and Dementia Clothing (Color)","Burgundy Red","","","6","","","","0.0","lb","99.95","","true","","shopify","deny","manual","true","General profile","0","0"
"10109619241235","jumpsuit-2-for-lower-price","MERGE","Jumpsuit - 2 for Lower Price","","Dementia Aide","","","REPLACE","2025-08-28 08:17:03 -0700","2026-01-27 11:00:16 -0800","Draft","false","","web","","false","https://www.dementiaaide.com/products/jumpsuit-2-for-lower-price","129","54","","","","","","","","","54194207359251","52260931567891","MERGE","Anti-Strip Back-zip Jumpsuit - Adaptive Alzheimer’s and Dementia Clothing (Size)","Large","Anti-Strip Back-zip Jumpsuit - Adaptive Alzheimer’s and Dementia Clothing (Color)","Navy Blue","","","7","","","","0.0","lb","99.95","","true","","shopify","continue","manual","true","General profile","28","0"
"10109619241235","jumpsuit-2-for-lower-price","MERGE","Jumpsuit - 2 for Lower Price","","Dementia Aide","","","REPLACE","2025-08-28 08:17:03 -0700","2026-01-27 11:00:16 -0800","Draft","false","","web","","false","https://www.dementiaaide.com/products/jumpsuit-2-for-lower-price","129","55","","","","","","","","","54194207392019","52260931600659","MERGE","Anti-Strip Back-zip Jumpsuit - Adaptive Alzheimer’s and Dementia Clothing (Size)","Large","Anti-Strip Back-zip Jumpsuit - Adaptive Alzheimer’s and Dementia Clothing (Color)","Burgundy Red","","","8","","","","0.0","lb","99.95","","true","","shopify","deny","manual","true","General profile","0","0"
"10109619339539","jumpsuit-2-for-lower-price-1","MERGE","Jumpsuit - 4 for Lower Price","","Dementia Aide","","","REPLACE","2025-08-28 08:17:12 -0700","2026-01-27 11:00:17 -0800","Draft","false","","web","","false","https://www.dementiaaide.com/products/jumpsuit-2-for-lower-price-1","64","56","true","","","","","","","","54194208047379","52260932256019","MERGE","Anti-Strip Back-zip Jumpsuit - Adaptive Alzheimer’s and Dementia Clothing (Size)","X-Small","Anti-Strip Back-zip Jumpsuit - Adaptive Alzheimer’s and Dementia Clothing (Color)","Navy Blue","","","1","","","","0.0","lb","199.90","","true","","shopify","deny","manual","true","General profile","13","0"
"10109619339539","jumpsuit-2-for-lower-price-1","MERGE","Jumpsuit - 4 for Lower Price","","Dementia Aide","","","REPLACE","2025-08-28 08:17:12 -0700","2026-01-27 11:00:17 -0800","Draft","false","","web","","false","https://www.dementiaaide.com/products/jumpsuit-2-for-lower-price-1","64","57","","","","","","","","","54194208080147","52260932288787","MERGE","Anti-Strip Back-zip Jumpsuit - Adaptive Alzheimer’s and Dementia Clothing (Size)","X-Small","Anti-Strip Back-zip Jumpsuit - Adaptive Alzheimer’s and Dementia Clothing (Color)","Burgundy Red","","","2","","","","0.0","lb","0.00","","true","","","deny","manual","true","General profile","",""
"10109619339539","jumpsuit-2-for-lower-price-1","MERGE","Jumpsuit - 4 for Lower Price","","Dementia Aide","","","REPLACE","2025-08-28 08:17:12 -0700","2026-01-27 11:00:17 -0800","Draft","false","","web","","false","https://www.dementiaaide.com/products/jumpsuit-2-for-lower-price-1","64","58","","","","","","","","","54194208112915","52260932321555","MERGE","Anti-Strip Back-zip Jumpsuit - Adaptive Alzheimer’s and Dementia Clothing (Size)","Small","Anti-Strip Back-zip Jumpsuit - Adaptive Alzheimer’s and Dementia Clothing (Color)","Navy Blue","","","3","","","","0.0","lb","199.90","","true","","shopify","deny","manual","true","General profile","37","0"
"10109619339539","jumpsuit-2-for-lower-price-1","MERGE","Jumpsuit - 4 for Lower Price","","Dementia Aide","","","REPLACE","2025-08-28 08:17:12 -0700","2026-01-27 11:00:17 -0800","Draft","false","","web","","false","https://www.dementiaaide.com/products/jumpsuit-2-for-lower-price-1","64","59","","","","","","","","","54194208145683","52260932354323","MERGE","Anti-Strip Back-zip Jumpsuit - Adaptive Alzheimer’s and Dementia Clothing (Size)","Small","Anti-Strip Back-zip Jumpsuit - Adaptive Alzheimer’s and Dementia Clothing (Color)","Burgundy Red","","","4","","","","0.0","lb","199.90","","true","","shopify","deny","manual","true","General profile","0","0"
"10109619339539","jumpsuit-2-for-lower-price-1","MERGE","Jumpsuit - 4 for Lower Price","","Dementia Aide","","","REPLACE","2025-08-28 08:17:12 -0700","2026-01-27 11:00:17 -0800","Draft","false","","web","","false","https://www.dementiaaide.com/products/jumpsuit-2-for-lower-price-1","64","60","","","","","","","","","54194208178451","52260932387091","MERGE","Anti-Strip Back-zip Jumpsuit - Adaptive Alzheimer’s and Dementia Clothing (Size)","Medium","Anti-Strip Back-zip Jumpsuit - Adaptive Alzheimer’s and Dementia Clothing (Color)","Navy Blue","","","5","","","","0.0","lb","199.90","","true","","shopify","deny","manual","true","General profile","0","0"
"10109619339539","jumpsuit-2-for-lower-price-1","MERGE","Jumpsuit - 4 for Lower Price","","Dementia Aide","","","REPLACE","2025-08-28 08:17:12 -0700","2026-01-27 11:00:17 -0800","Draft","false","","web","","false","https://www.dementiaaide.com/products/jumpsuit-2-for-lower-price-1","64","61","","","","","","","","","54194208211219","52260932419859","MERGE","Anti-Strip Back-zip Jumpsuit - Adaptive Alzheimer’s and Dementia Clothing (Size)","Medium","Anti-Strip Back-zip Jumpsuit - Adaptive Alzheimer’s and Dementia Clothing (Color)","Burgundy Red","","","6","","","","0.0","lb","199.90","","true","","shopify","deny","manual","true","General profile","0","0"
"10109619339539","jumpsuit-2-for-lower-price-1","MERGE","Jumpsuit - 4 for Lower Price","","Dementia Aide","","","REPLACE","2025-08-28 08:17:12 -0700","2026-01-27 11:00:17 -0800","Draft","false","","web","","false","https://www.dementiaaide.com/products/jumpsuit-2-for-lower-price-1","64","62","","","","","","","","","54194208243987","52260932452627","MERGE","Anti-Strip Back-zip Jumpsuit - Adaptive Alzheimer’s and Dementia Clothing (Size)","Large","Anti-Strip Back-zip Jumpsuit - Adaptive Alzheimer’s and Dementia Clothing (Color)","Navy Blue","","","7","","","","0.0","lb","199.90","","true","","shopify","continue","manual","true","General profile","14","0"
"10109619339539","jumpsuit-2-for-lower-price-1","MERGE","Jumpsuit - 4 for Lower Price","","Dementia Aide","","","REPLACE","2025-08-28 08:17:12 -0700","2026-01-27 11:00:17 -0800","Draft","false","","web","","false","https://www.dementiaaide.com/products/jumpsuit-2-for-lower-price-1","64","63","","","","","","","","","54194208276755","52260932485395","MERGE","Anti-Strip Back-zip Jumpsuit - Adaptive Alzheimer’s and Dementia Clothing (Size)","Large","Anti-Strip Back-zip Jumpsuit - Adaptive Alzheimer’s and Dementia Clothing (Color)","Burgundy Red","","","8","","","","0.0","lb","199.90","","true","","shopify","deny","manual","true","General profile","0","0"
"10120729624851","alzheimer-s-awareness-clothing-hat","MERGE","Alzheimer’s Awareness Clothing | Baseball Hat “Find a Cure” | Dementia Awareness Apparel","<p>10% of proceeds from this product are donated to the Alzheimer's Association. </p>
<p>Show your support in style with our Alzheimer’s awareness clothing baseball hat, designed to spread hope and raise visibility for a cure. This comfortable, everyday cap is part of our dementia awareness clothing collection, perfect for Alzheimer’s walks, fundraising events, or simply as daily clothes Alzheimer’s awareness.<br><br>Crafted with high-quality materials, this unisex design makes it easy to represent the cause wherever you go. Whether you’re looking for Alzheimer’s awareness clothing for women, Alzheimer’s awareness clothes in purple, or versatile gear to pair with other outfits, this baseball hat is the ideal choice.<br><br>✅ Embroidered with “Find a Cure” for Alzheimer’s<br>✅ Adjustable strap for a comfortable fit<br>✅ Perfect for walks, community events, and everyday wear<br>✅ Matches with Alzheimer’s awareness clothing purple and more</p>
<p><br>Join the movement—this hat is more than just clothing; it’s a voice for awareness, dignity, and change.<br><br>• 100% chino cotton twill<br>• Green Camo color is 35% chino cotton twill, 65% polyester<br>• Unstructured, 6-panel, low-profile<br>• 6 embroidered eyelets<br>• 3 ⅛” (7.6 cm) crown<br>• Adjustable strap with antique buckle<br><br>This product is made especially for you as soon as you place an order, which is why it takes us a bit longer to deliver it to you. Making products on demand instead of in bulk helps reduce overproduction, so thank you for making thoughtful purchasing decisions!</p>
<p><strong class=""size-guide-title"">Size guide</strong></p>
<div data-unit-system=""imperial"" class=""table-responsive dynamic"">
<table cellpadding=""5"">
<tbody>
<tr>
<td> </td>
<td><strong>A (inches)</strong></td>
<td><strong>B (inches)</strong></td>
<td><strong>C (inches)</strong></td>
<td><strong>D (inches)</strong></td>
</tr>
<tr>
<td><strong>One size</strong></td>
<td>20 ½-24 ⅜</td>
<td>4 ¾</td>
<td>3 ⅛</td>
<td>7 ½</td>
</tr>
</tbody>
</table>
</div>","Dementia Aide","Clothes","","REPLACE","2025-09-10 17:00:31 -0700","2025-11-06 22:57:59 -0800","Active","true","2025-09-10 17:00:40 -0700","global","non-jumpsuit-page","false","https://www.dementiaaide.com/products/alzheimer-s-awareness-clothing-hat","19998","64","true","IMAGE","https://cdn.shopify.com/s/files/1/1231/7650/files/Alzheimer_s_Awareness_Hat_White.png?v=1758137047","MERGE","1","1024","1024","Alzheimer's Awareness Hat - White Baseball Cap","54247178174739","52316928082195","MERGE","Color","White","","","","","1","5485651_7853","HTOZWT","https://cdn.shopify.com/s/files/1/1231/7650/files/Alzheimer_s_Awareness_Hat_White.png?v=1758137047","3.3","oz","29.99","38.99","true","PC040129","shopify","deny","manual","true","Printful: Hats, Bags, Pillowcases, All over prints, Socks, Aprons, Flip Flops, Camper mug (#PF-FRG1042)","9999","0"
"10120729624851","alzheimer-s-awareness-clothing-hat","MERGE","Alzheimer’s Awareness Clothing | Baseball Hat “Find a Cure” | Dementia Awareness Apparel","","Dementia Aide","Clothes","","REPLACE","2025-09-10 17:00:31 -0700","2025-11-06 22:57:59 -0800","Active","true","2025-09-10 17:00:40 -0700","global","non-jumpsuit-page","false","https://www.dementiaaide.com/products/alzheimer-s-awareness-clothing-hat","19998","65","","IMAGE","https://cdn.shopify.com/s/files/1/1231/7650/files/Alzheimers_Awareness_Clothing.png?v=1758139113","MERGE","2","1024","1024","Alzheimers Awareness Clothing - Black Baseball Cap ""Find A Cure""","54247178141971","52316928049427","MERGE","Color","Black","","","","","2","5485651_7854","HTOZWT","https://cdn.shopify.com/s/files/1/1231/7650/files/Alzheimers_Awareness_Clothing.png?v=1758139113","3.3","oz","29.99","38.99","true","PC040129","shopify","deny","manual","true","Printful: Hats, Bags, Pillowcases, All over prints, Socks, Aprons, Flip Flops, Camper mug (#PF-FRG1042)","9999","0"
"10120729624851","alzheimer-s-awareness-clothing-hat","MERGE","Alzheimer’s Awareness Clothing | Baseball Hat “Find a Cure” | Dementia Awareness Apparel","","Dementia Aide","Clothes","","REPLACE","2025-09-10 17:00:31 -0700","2025-11-06 22:57:59 -0800","Active","true","2025-09-10 17:00:40 -0700","global","non-jumpsuit-page","false","https://www.dementiaaide.com/products/alzheimer-s-awareness-clothing-hat","19998","66","","IMAGE","https://cdn.shopify.com/s/files/1/1231/7650/files/Alzheimers_Awareness_Clothing.jpg?v=1758168845","MERGE","3","2000","2000","Alzheimers Awareness Clothing - White Hat ""Find a Cure""","","","","","","","","","","","","","","","","","","","","","","","","","",""
"10120729624851","alzheimer-s-awareness-clothing-hat","MERGE","Alzheimer’s Awareness Clothing | Baseball Hat “Find a Cure” | Dementia Awareness Apparel","","Dementia Aide","Clothes","","REPLACE","2025-09-10 17:00:31 -0700","2025-11-06 22:57:59 -0800","Active","true","2025-09-10 17:00:40 -0700","global","non-jumpsuit-page","false","https://www.dementiaaide.com/products/alzheimer-s-awareness-clothing-hat","19998","67","","IMAGE","https://cdn.shopify.com/s/files/1/1231/7650/files/Alzheimers_Awareness_Clothing_-_Hat.jpg?v=1758168883","MERGE","4","2000","2000","Alzheimers Awareness Clothing - White Hat ""Find a Cure"" Back","","","","","","","","","","","","","","","","","","","","","","","","","",""
"10120729624851","alzheimer-s-awareness-clothing-hat","MERGE","Alzheimer’s Awareness Clothing | Baseball Hat “Find a Cure” | Dementia Awareness Apparel","","Dementia Aide","Clothes","","REPLACE","2025-09-10 17:00:31 -0700","2025-11-06 22:57:59 -0800","Active","true","2025-09-10 17:00:40 -0700","global","non-jumpsuit-page","false","https://www.dementiaaide.com/products/alzheimer-s-awareness-clothing-hat","19998","68","","IMAGE","https://cdn.shopify.com/s/files/1/1231/7650/files/Alzheimers_Awareness_Clothing_-_Black_Hat.jpg?v=1758168929","MERGE","5","2000","2000","Alzheimers Awareness Clothing - Black Hat ""Find a Cure"" - Front","","","","","","","","","","","","","","","","","","","","","","","","","",""
"10120729624851","alzheimer-s-awareness-clothing-hat","MERGE","Alzheimer’s Awareness Clothing | Baseball Hat “Find a Cure” | Dementia Awareness Apparel","","Dementia Aide","Clothes","","REPLACE","2025-09-10 17:00:31 -0700","2025-11-06 22:57:59 -0800","Active","true","2025-09-10 17:00:40 -0700","global","non-jumpsuit-page","false","https://www.dementiaaide.com/products/alzheimer-s-awareness-clothing-hat","19998","69","","IMAGE","https://cdn.shopify.com/s/files/1/1231/7650/files/Alzheimers_Awareness_Clothing_Black_Cap.jpg?v=1758168979","MERGE","6","2000","2000","Alzheimers Awareness Clothing - Black Hat - Back ""#alz""","","","","","","","","","","","","","","","","","","","","","","","","","",""
"10120729624851","alzheimer-s-awareness-clothing-hat","MERGE","Alzheimer’s Awareness Clothing | Baseball Hat “Find a Cure” | Dementia Awareness Apparel","","Dementia Aide","Clothes","","REPLACE","2025-09-10 17:00:31 -0700","2025-11-06 22:57:59 -0800","Active","true","2025-09-10 17:00:40 -0700","global","non-jumpsuit-page","false","https://www.dementiaaide.com/products/alzheimer-s-awareness-clothing-hat","19998","70","","IMAGE","https://cdn.shopify.com/s/files/1/1231/7650/files/Alzheimers_Awareness_Clothing_-_White_Cap.jpg?v=1758169016","MERGE","7","2000","2000","Alzheimers Awareness Clothing - White Hat ""Find a Cure""","","","","","","","","","","","","","","","","","","","","","","","","","",""
"10120729624851","alzheimer-s-awareness-clothing-hat","MERGE","Alzheimer’s Awareness Clothing | Baseball Hat “Find a Cure” | Dementia Awareness Apparel","","Dementia Aide","Clothes","","REPLACE","2025-09-10 17:00:31 -0700","2025-11-06 22:57:59 -0800","Active","true","2025-09-10 17:00:40 -0700","global","non-jumpsuit-page","false","https://www.dementiaaide.com/products/alzheimer-s-awareness-clothing-hat","19998","71","","IMAGE","https://cdn.shopify.com/s/files/1/1231/7650/files/Alzheimers_Awareness_Clothing_White_Cap.jpg?v=1758169059","MERGE","8","2000","2000","Alzheimers Awareness Clothing - White Cap - Side","","","","","","","","","","","","","","","","","","","","","","","","","",""
"10120729624851","alzheimer-s-awareness-clothing-hat","MERGE","Alzheimer’s Awareness Clothing | Baseball Hat “Find a Cure” | Dementia Awareness Apparel","","Dementia Aide","Clothes","","REPLACE","2025-09-10 17:00:31 -0700","2025-11-06 22:57:59 -0800","Active","true","2025-09-10 17:00:40 -0700","global","non-jumpsuit-page","false","https://www.dementiaaide.com/products/alzheimer-s-awareness-clothing-hat","19998","72","","IMAGE","https://cdn.shopify.com/s/files/1/1231/7650/files/Alzheimers_Awareness_Clothing_Black_Cap_Side.jpg?v=1758169099","MERGE","9","2000","2000","Alzheimers Awareness Clothing Black Cap Side","","","","","","","","","","","","","","","","","","","","","","","","","",""
"10120729624851","alzheimer-s-awareness-clothing-hat","MERGE","Alzheimer’s Awareness Clothing | Baseball Hat “Find a Cure” | Dementia Awareness Apparel","","Dementia Aide","Clothes","","REPLACE","2025-09-10 17:00:31 -0700","2025-11-06 22:57:59 -0800","Active","true","2025-09-10 17:00:40 -0700","global","non-jumpsuit-page","false","https://www.dementiaaide.com/products/alzheimer-s-awareness-clothing-hat","19998","73","","IMAGE","https://cdn.shopify.com/s/files/1/1231/7650/files/Alzheimers_Awareness_Clothing_Side.jpg?v=1758169129","MERGE","10","2000","2000","Alzheimers Awareness Clothing Side","","","","","","","","","","","","","","","","","","","","","","","","","",""
" "
"###### YOUR PLAN ALLOWS FILE SIZE TILL HERE ###### UPGRADE IF YOU NEED LARGER FILES"
